<?xml version="1.0" encoding="UTF-8"?>
<project-private xmlns="http://www.netbeans.org/ns/project-private/1">
    <editor-bookmarks xmlns="http://www.netbeans.org/ns/editor-bookmarks/2" lastBookmarkId="0"/>
    <open-files xmlns="http://www.netbeans.org/ns/projectui-open-files/2">
        <group>
            <file>file:/Applications/XAMPP/xamppfiles/htdocs/PhpProject6/application/controllers/Courses.php</file>
            <file>file:/Applications/XAMPP/xamppfiles/htdocs/PhpProject6/application/models/games_model.php</file>
            <file>file:/Applications/XAMPP/xamppfiles/htdocs/PhpProject6/application/views/templates/headG.php</file>
            <file>file:/Applications/XAMPP/xamppfiles/htdocs/PhpProject6/assets/css/APEStyle.css</file>
            <file>file:/Applications/XAMPP/xamppfiles/htdocs/PhpProject6/application/controllers/Games.php</file>
        </group>
    </open-files>
</project-private>
